{"inputUnits":[63],"outputUnits":4,"inputs":{"0":{"dtype":"number","min":0.13528355956077576,"max":0.873528242111206},"1":{"dtype":"number","min":0.16397085785865784,"max":0.8733119368553162},"2":{"dtype":"number","min":-0.0000010162218586629024,"max":6.946370376681443e-7},"3":{"dtype":"number","min":0.07224279642105103,"max":0.835623025894165},"4":{"dtype":"number","min":0.22198617458343506,"max":0.8282977342605591},"5":{"dtype":"number","min":-0.05091935768723488,"max":0.031214460730552673},"6":{"dtype":"number","min":0.025469623506069183,"max":0.8576800227165222},"7":{"dtype":"number","min":0.21694523096084595,"max":0.7509526610374451},"8":{"dtype":"number","min":-0.08364801853895187,"max":0.0390997976064682},"9":{"dtype":"number","min":0.0003587305545806885,"max":0.8714083433151245},"10":{"dtype":"number","min":0.1832192838191986,"max":0.7159586548805237},"11":{"dtype":"number","min":-0.11162810027599335,"max":0.04008772224187851},"12":{"dtype":"number","min":-0.009130053222179413,"max":0.8919210433959961},"13":{"dtype":"number","min":0.1284278780221939,"max":0.710503339767456},"14":{"dtype":"number","min":-0.1374165266752243,"max":0.0378703810274601},"15":{"dtype":"number","min":0.012365773320198059,"max":0.8161424994468689},"16":{"dtype":"number","min":0.1729540079832077,"max":0.691970944404602},"17":{"dtype":"number","min":-0.1255897730588913,"max":0.04133092612028122},"18":{"dtype":"number","min":0.019620515406131744,"max":0.7802010774612427},"19":{"dtype":"number","min":0.11926700919866562,"max":0.7338217496871948},"20":{"dtype":"number","min":-0.15822432935237885,"max":0.034963082522153854},"21":{"dtype":"number","min":0.0363025888800621,"max":0.7664420008659363},"22":{"dtype":"number","min":0.13958072662353516,"max":0.7254065275192261},"23":{"dtype":"number","min":-0.15809905529022217,"max":0.031567469239234924},"24":{"dtype":"number","min":0.03738272935152054,"max":0.8072041273117065},"25":{"dtype":"number","min":0.10707791149616241,"max":0.7242914438247681},"26":{"dtype":"number","min":-0.1560455560684204,"max":0.029421847313642502},"27":{"dtype":"number","min":0.04969940707087517,"max":0.7785530090332031},"28":{"dtype":"number","min":0.14435909688472748,"max":0.7490311861038208},"29":{"dtype":"number","min":-0.12696781754493713,"max":0.028202904388308525},"30":{"dtype":"number","min":0.026261504739522934,"max":0.8420965075492859},"31":{"dtype":"number","min":0.08353661745786667,"max":0.7696987390518188},"32":{"dtype":"number","min":-0.1589759886264801,"max":0.023864060640335083},"33":{"dtype":"number","min":0.055448681116104126,"max":0.8551614284515381},"34":{"dtype":"number","min":0.12859025597572327,"max":0.7550637722015381},"35":{"dtype":"number","min":-0.14657360315322876,"max":0.020191777497529984},"36":{"dtype":"number","min":0.07114661484956741,"max":0.843216598033905},"37":{"dtype":"number","min":0.09087146818637848,"max":0.7277281284332275},"38":{"dtype":"number","min":-0.14068561792373657,"max":0.017237728461623192},"39":{"dtype":"number","min":0.05249173194169998,"max":0.8184688091278076},"40":{"dtype":"number","min":0.10979434102773666,"max":0.8120726943016052},"41":{"dtype":"number","min":-0.12521395087242126,"max":0.01824318617582321},"42":{"dtype":"number","min":0.017841622233390808,"max":0.8757407069206238},"43":{"dtype":"number","min":0.06386999785900116,"max":0.8037487268447876},"44":{"dtype":"number","min":-0.14331641793251038,"max":0.011522460728883743},"45":{"dtype":"number","min":0.054355211555957794,"max":0.8727204203605652},"46":{"dtype":"number","min":0.12060434371232986,"max":0.7908514738082886},"47":{"dtype":"number","min":-0.1356268674135208,"max":0.020153896883130074},"48":{"dtype":"number","min":0.08361651003360748,"max":0.8536812663078308},"49":{"dtype":"number","min":0.13107725977897644,"max":0.7687350511550903},"50":{"dtype":"number","min":-0.15122157335281372,"max":0.01714389957487583},"51":{"dtype":"number","min":0.038289666175842285,"max":0.8596612811088562},"52":{"dtype":"number","min":0.08340118825435638,"max":0.8610316514968872},"53":{"dtype":"number","min":-0.1250886619091034,"max":0.011433092877268791},"54":{"dtype":"number","min":0.019194893538951874,"max":0.8955020308494568},"55":{"dtype":"number","min":0.04750737547874451,"max":0.849251389503479},"56":{"dtype":"number","min":-0.15120884776115417,"max":0.010475504212081432},"57":{"dtype":"number","min":0.049324337393045425,"max":0.8954982757568359},"58":{"dtype":"number","min":0.08952528983354568,"max":0.8339188098907471},"59":{"dtype":"number","min":-0.15885069966316223,"max":0.023794446140527725},"60":{"dtype":"number","min":0.07651841640472412,"max":0.8832720518112183},"61":{"dtype":"number","min":0.11759341508150101,"max":0.8627498149871826},"62":{"dtype":"number","min":-0.16599148511886597,"max":0.030361715704202652}},"outputs":{"label":{"dtype":"string","min":0,"max":1,"uniqueValues":["nothing","thumb","index","pinky"],"legend":{"nothing":[1,0,0,0],"thumb":[0,1,0,0],"index":[0,0,1,0],"pinky":[0,0,0,1]}}},"isNormalized":true}