{"inputUnits":[63],"outputUnits":3,"inputs":{"0":{"dtype":"number","min":0.3497721552848816,"max":0.9713325500488281},"1":{"dtype":"number","min":0.4377250671386719,"max":0.8790351152420044},"2":{"dtype":"number","min":-7.044939707157027e-7,"max":6.482644039351726e-7},"3":{"dtype":"number","min":0.3672146201133728,"max":0.9702497124671936},"4":{"dtype":"number","min":0.3897392451763153,"max":0.8354326486587524},"5":{"dtype":"number","min":-0.057891931384801865,"max":0.026339730247855186},"6":{"dtype":"number","min":0.3456002175807953,"max":0.9295852184295654},"7":{"dtype":"number","min":0.35314464569091797,"max":0.7742079496383667},"8":{"dtype":"number","min":-0.08445753902196884,"max":0.03665413334965706},"9":{"dtype":"number","min":0.3261522650718689,"max":0.8897814750671387},"10":{"dtype":"number","min":0.3045990765094757,"max":0.8143346309661865},"11":{"dtype":"number","min":-0.10030240565538406,"max":0.04004159942269325},"12":{"dtype":"number","min":0.30131983757019043,"max":0.8661932349205017},"13":{"dtype":"number","min":0.2593734860420227,"max":0.8133629560470581},"14":{"dtype":"number","min":-0.11902746558189392,"max":0.04292963445186615},"15":{"dtype":"number","min":0.3527793288230896,"max":0.8941174149513245},"16":{"dtype":"number","min":0.29687514901161194,"max":0.6785770058631897},"17":{"dtype":"number","min":-0.06014510616660118,"max":0.03509068861603737},"18":{"dtype":"number","min":0.3452017903327942,"max":0.9116770029067993},"19":{"dtype":"number","min":0.28412291407585144,"max":0.7558766603469849},"20":{"dtype":"number","min":-0.07936973869800568,"max":0.03973759710788727},"21":{"dtype":"number","min":0.3327637314796448,"max":0.9206612706184387},"22":{"dtype":"number","min":0.24015796184539795,"max":0.8037664294242859},"23":{"dtype":"number","min":-0.09785880148410797,"max":0.04269077628850937},"24":{"dtype":"number","min":0.31842517852783203,"max":0.9245505928993225},"25":{"dtype":"number","min":0.193907231092453,"max":0.8372689485549927},"26":{"dtype":"number","min":-0.1169668510556221,"max":0.04481879994273186},"27":{"dtype":"number","min":0.31087395548820496,"max":0.8721871972084045},"28":{"dtype":"number","min":0.305514931678772,"max":0.6251513361930847},"29":{"dtype":"number","min":-0.04798801988363266,"max":0.020238826051354408},"30":{"dtype":"number","min":0.3579857349395752,"max":0.8556757569313049},"31":{"dtype":"number","min":0.2812897264957428,"max":0.7627319693565369},"32":{"dtype":"number","min":-0.0882757231593132,"max":0.040137261152267456},"33":{"dtype":"number","min":0.35781240463256836,"max":0.8629652857780457},"34":{"dtype":"number","min":0.2573574185371399,"max":0.7569729089736938},"35":{"dtype":"number","min":-0.09304112195968628,"max":0.04215856269001961},"36":{"dtype":"number","min":0.35871243476867676,"max":0.871411919593811},"37":{"dtype":"number","min":0.22398217022418976,"max":0.7269880175590515},"38":{"dtype":"number","min":-0.09123674780130386,"max":0.03829643130302429},"39":{"dtype":"number","min":0.291337788105011,"max":0.8684481978416443},"40":{"dtype":"number","min":0.33041638135910034,"max":0.6676341891288757},"41":{"dtype":"number","min":-0.06557488441467285,"max":0.021655842661857605},"42":{"dtype":"number","min":0.34282541275024414,"max":0.8502792119979858},"43":{"dtype":"number","min":0.28009188175201416,"max":0.7644507884979248},"44":{"dtype":"number","min":-0.0971691831946373,"max":0.03533666953444481},"45":{"dtype":"number","min":0.3653450906276703,"max":0.841391384601593},"46":{"dtype":"number","min":0.25640732049942017,"max":0.7650034427642822},"47":{"dtype":"number","min":-0.09200678765773773,"max":0.034993771463632584},"48":{"dtype":"number","min":0.3652883470058441,"max":0.8569511771202087},"49":{"dtype":"number","min":0.24329519271850586,"max":0.7518606185913086},"50":{"dtype":"number","min":-0.0993473082780838,"max":0.029417147859930992},"51":{"dtype":"number","min":0.2801825702190399,"max":0.8760569095611572},"52":{"dtype":"number","min":0.3409135937690735,"max":0.7230825424194336},"53":{"dtype":"number","min":-0.08733771741390228,"max":0.026592710986733437},"54":{"dtype":"number","min":0.32136479020118713,"max":0.8624889850616455},"55":{"dtype":"number","min":0.2967262268066406,"max":0.7854073643684387},"56":{"dtype":"number","min":-0.10900510847568512,"max":0.031691111624240875},"57":{"dtype":"number","min":0.34233033657073975,"max":0.8391358256340027},"58":{"dtype":"number","min":0.2736342251300812,"max":0.7926649451255798},"59":{"dtype":"number","min":-0.10410197079181671,"max":0.03840471804141998},"60":{"dtype":"number","min":0.3448624610900879,"max":0.8479717969894409},"61":{"dtype":"number","min":0.2573242783546448,"max":0.7742557525634766},"62":{"dtype":"number","min":-0.11210981011390686,"max":0.04183370992541313}},"outputs":{"label":{"dtype":"string","min":0,"max":1,"uniqueValues":["fist","pointing","hand"],"legend":{"fist":[1,0,0],"pointing":[0,1,0],"hand":[0,0,1]}}},"isNormalized":true}